{
    "color_intrinsics": {
        "width": 1268,
        "height": 752,
        "fx": 2234.3241224017765,
        "fy": 2149.726535976513,
        "ppx": 462.3937679123153,
        "ppy": 412.50872860369645,
        "coeffs": [
            [
                -0.3640052497637574,
                92.97695087611093,
                -0.01135392665287763,
                -0.008938548781076682,
                -6929.535529662534
            ]
        ]
    },
    "depth_intrinsics": {
        "width": 1268,
        "height": 752,
        "fx": 1863.9734132214107,
        "fy": 1863.9734132214107,
        "ppx": 415.098087310791,
        "ppy": 465.4619653224945,
        "coeffs": [
            [
                -0.3640052497637574,
                92.97695087611093,
                -0.01135392665287763,
                -0.008938548781076682,
                -6929.535529662534
            ]
        ]
    },
    "extrinsics": {
        "rotation": [
            [
                0.857014113204531,
                0.10798195784184247,
                -0.5038518696491
            ],
            [
                -0.29525394429202967,
                0.9042732064473175,
                -0.3084073223538736
            ],
            [
                0.422317319261536,
                0.4130736797256993,
                0.8068569990832453
            ]
        ],
        "translation": [
            [
                1159.9199813183275
            ],
            [
                655.2335528915777
            ],
            [
                501.40068722795496
            ]
        ]
    }
}